id,pagerank
SeaSpray Wave SRL Solutions,0.009808067615868719
Ocean Fisheries Llc,0.009500475736094837
903311212,0.008695448753353657
png xi  Line,0.00858391787014286
Mar del Oeste Pic,0.007680305567902494
341411,0.006105693119371103
Faroe Islands Shrimp Shark,0.006043222835304501
979893388,0.005159626062883247
âŠ,0.004862141004875355
Playa del Cielo Kga,0.004077324572195269
